voice_tag,n_ok,rtt_p50_ms,rtt_p95_ms,dur_p50_sec,dur_p95_sec,rms_p50,peak_p50
male_spk1,75,16509.0,30167.0,2.066575963718821,5.270929705215419,4327.131462746874,32393.0
