voice_tag,n_ok,rtt_p50_ms,rtt_p95_ms,dur_p50_sec,dur_p95_sec,rms_p50,peak_p50
male_spk0,76,17302.0,31303.0,2.1884807256235828,5.5147392290249435,5098.044601305718,32393.0
