voice_tag,n_ok,rtt_p50_ms,rtt_p95_ms,dur_p50_sec,dur_p95_sec,rms_p50,peak_p50
female_spk0,321,167437.0,222485.0,2.182675736961451,5.712108843537415,3885.051601650839,32392.0
female_spk1,300,282852.5,334193.0,2.3568253968253967,6.315827664399093,5285.906005007631,32392.0
male_spk0,131,30948.0,57791.0,2.3103854875283445,6.199727891156463,4934.243535645727,32393.0
male_spk1,136,89281.5,115065.0,2.089795918367347,6.095238095238095,4101.112030149865,32393.0
neg_emptytext,1,698.0,698.0,0.0348299319727891,0.0348299319727891,12830.919118815837,32393.0
neg_robotgender,1,455.0,455.0,1.0681179138321997,1.0681179138321997,5349.671236612933,32392.0
