voice_tag,n_ok,rtt_p50_ms,rtt_p95_ms,dur_p50_sec,dur_p95_sec,rms_p50,peak_p50
male_spk1,21,9759.0,13814.0,2.043356009070295,5.677278911564626,4311.17035500474,32393.0
