voice_tag,n_ok,rtt_p50_ms,rtt_p95_ms,dur_p50_sec,dur_p95_sec,rms_p50,peak_p50
male_spk0,42,8841.0,17782.0,2.3394104308390022,5.8165986394557825,5240.857577183309,32393.0
