voice_tag,n_ok,rtt_p50_ms,rtt_p95_ms,dur_p50_sec,dur_p95_sec,rms_p50,peak_p50
male_spk1,40,8746.0,16567.0,1.991111111111111,5.12,4089.363873496416,32393.0
