voice_tag,n_ok,rtt_p50_ms,rtt_p95_ms,dur_p50_sec,dur_p95_sec,rms_p50,peak_p50
male_spk0,22,6433.5,10550.0,2.3684353741496595,4.632380952380952,4978.513821320992,32393.0
