voice_tag,n_ok,rtt_p50_ms,rtt_p95_ms,dur_p50_sec,dur_p95_sec,rms_p50,peak_p50
female_spk0,200,183007.0,216684.0,2.0549659863945577,5.189659863945578,3837.1628890744314,32392.0
female_spk1,200,257326.5,291757.0,2.2871655328798184,5.572789115646258,5188.523281273702,32392.0
male_spk0,400,140091.5,268855.0,2.1884807256235828,5.061950113378685,4893.893595559516,32393.0
male_spk1,206,110744.0,143803.0,1.9853061224489796,4.864580498866213,4005.029637703224,32393.0
