voice_tag,n_ok,rtt_p50_ms,rtt_p95_ms,dur_p50_sec,dur_p95_sec,rms_p50,peak_p50
male_spk0,10,2223.0,4192.0,2.0259410430839004,2.2871655328798184,5144.7872783602,32393.0
